,_id,token,language_detected,remark
0,62e38c541a2555d08ade8335,wakaka,en,testing stage
1,62e3b8d71a2555d08ade8336,mulberrying,en,test run on first wikt file
2,62e3b8d81a2555d08ade8337,systempase,en,test run on first wikt file
3,62e3b8db1a2555d08ade8338,Swevel,en,test run on first wikt file
4,62e3b8de1a2555d08ade8339,tollbarriere,en,test run on first wikt file
5,62e3b8e01a2555d08ade833a,gelewd,en,test run on first wikt file
6,62e3b8e11a2555d08ade833b,eIlw,en,test run on first wikt file
7,62e3b8e21a2555d08ade833c,pitheco,en,test run on first wikt file
8,62e3b8e31a2555d08ade833d,Carfusu,en,test run on first wikt file
9,62e3b8e41a2555d08ade833e,Naren,en,test run on first wikt file
10,62e3b8e51a2555d08ade833f,Battlehawk,en,test run on first wikt file
11,62e3b8e71a2555d08ade8340,Ladying,en,test run on first wikt file
12,62e3b8e81a2555d08ade8341,waegs,en,test run on first wikt file
13,62e3b8e91a2555d08ade8342,yistl,en,test run on first wikt file
14,62e3b8ec1a2555d08ade8343,xNb,en,test run on first wikt file
15,62e3ba361a2555d08ade8344,IPYHV,en,test run on first wikt file
16,62e3ba391a2555d08ade8345,catafract,en,test run on first wikt file
17,62e3ba3f1a2555d08ade8346,trichite,en,test run on first wikt file
18,62e3ba401a2555d08ade8347,superluminic,en,test run on first wikt file
19,62e3ba421a2555d08ade8348,heishi,en,test run on first wikt file
20,62e3ba431a2555d08ade8349,NGkruma,en,test run on first wikt file
21,62e3ba451a2555d08ade834a,retroorbital,en,test run on first wikt file
22,62e3ba461a2555d08ade834b,zanasoei,en,test run on first wikt file
23,62e3ba471a2555d08ade834c,Quintarelli,en,test run on first wikt file
24,62e3ba481a2555d08ade834d,gudson,en,test run on first wikt file
25,62e3ba4b1a2555d08ade834e,tSarlz,en,test run on first wikt file
26,62e3ba4d1a2555d08ade834f,naham,en,test run on first wikt file
27,62e3ba4e1a2555d08ade8350,FHDW,en,test run on first wikt file
28,62e3ba4f1a2555d08ade8351,welh1,en,test run on first wikt file
29,62e3ba501a2555d08ade8352,misigen,en,test run on first wikt file
30,62e3ba511a2555d08ade8353,villig,en,test run on first wikt file
31,62e3ba531a2555d08ade8354,skinnable,en,test run on first wikt file
32,62e3ba541a2555d08ade8355,unresting,en,test run on first wikt file
33,62e3ba551a2555d08ade8356,DJNU,en,test run on first wikt file
34,62e3ba561a2555d08ade8357,kwes,en,test run on first wikt file
35,62e3ba581a2555d08ade8358,aelfaele,en,test run on first wikt file
36,62e3ba5a1a2555d08ade8359,SSPE,en,test run on first wikt file
37,62e3ba5b1a2555d08ade835a,subscrie,en,test run on first wikt file
38,62e3ba5c1a2555d08ade835b,trespring,en,test run on first wikt file
39,62e3ba5d1a2555d08ade835c,ellipsa,en,test run on first wikt file
40,62e3ba5e1a2555d08ade835d,transparens,en,test run on first wikt file
41,62e3ba5f1a2555d08ade835e,Bartleby,en,test run on first wikt file
42,62e3ba601a2555d08ade835f,konesaha,en,test run on first wikt file
43,62e3ba611a2555d08ade8360,umaka,en,test run on first wikt file
44,62e3ba621a2555d08ade8361,haikyu,en,test run on first wikt file
45,62e3ba641a2555d08ade8362,omentin,en,test run on first wikt file
46,62e3ba651a2555d08ade8363,Differenzierung,en,test run on first wikt file
47,62e3ba661a2555d08ade8364,prelum,en,test run on first wikt file
48,62e3ba671a2555d08ade8365,dagId,en,test run on first wikt file
49,62e3ba681a2555d08ade8366,distresse,en,test run on first wikt file
50,62e3ba691a2555d08ade8367,prunyht,en,test run on first wikt file
51,62e3ba6a1a2555d08ade8368,statistik,en,test run on first wikt file
52,62e3ba6b1a2555d08ade8369,afraz,en,test run on first wikt file
53,62e3ba6c1a2555d08ade836a,comunismo,en,test run on first wikt file
54,62e3ba6d1a2555d08ade836b,childberyng,en,test run on first wikt file
55,62e3ba6f1a2555d08ade836c,sux,en,test run on first wikt file
56,62e3ba721a2555d08ade836d,KnMBCwAAQBAJ,en,test run on first wikt file
57,62e3ba731a2555d08ade836e,rotationnel,en,test run on first wikt file
58,62e3ba741a2555d08ade836f,Fabricio,en,test run on first wikt file
59,62e3ba751a2555d08ade8370,lofzo,en,test run on first wikt file
60,62e3ba761a2555d08ade8371,folioend,en,test run on first wikt file
61,62e3ba771a2555d08ade8372,mosdokagylo,en,test run on first wikt file
62,62e3ba781a2555d08ade8373,Haitio,en,test run on first wikt file
63,62e3ba791a2555d08ade8374,IVSHI,en,test run on first wikt file
64,62e3ba7a1a2555d08ade8375,tellar,en,test run on first wikt file
65,62e3ba7b1a2555d08ade8376,Berendt,en,test run on first wikt file
66,62e3ba7d1a2555d08ade8377,hozgaek,en,test run on first wikt file
67,62e3ba821a2555d08ade8378,absumere,en,test run on first wikt file
68,62e3ba831a2555d08ade8379,puppen,en,test run on first wikt file
69,62e3ba841a2555d08ade837a,aidao,en,test run on first wikt file
70,62e3ba861a2555d08ade837b,futloos,en,test run on first wikt file
71,62e3ba871a2555d08ade837c,newbro,en,test run on first wikt file
72,62e3ba891a2555d08ade837d,crocher,en,test run on first wikt file
73,62e3ba8a1a2555d08ade837e,adiihi,en,test run on first wikt file
74,62e3ba8b1a2555d08ade837f,subcaecal,en,test run on first wikt file
75,62e3ba8c1a2555d08ade8380,ivenberry,en,test run on first wikt file
76,62e3ba8d1a2555d08ade8381,raada,en,test run on first wikt file
77,62e3ba8e1a2555d08ade8382,desagradable,en,test run on first wikt file
78,62e3ba901a2555d08ade8383,apkIk,en,test run on first wikt file
79,62e3ba911a2555d08ade8384,lovin,en,test run on first wikt file
80,62e3ba921a2555d08ade8385,lyverwort,en,test run on first wikt file
81,62e3ba951a2555d08ade8386,Haney,en,test run on first wikt file
82,62e3ba981a2555d08ade8387,tjedan,en,test run on first wikt file
83,62e3ba9a1a2555d08ade8388,absorpsiyon,en,test run on first wikt file
84,62e3ba9b1a2555d08ade8389,abeng,en,test run on first wikt file
85,62e3ba9c1a2555d08ade838a,koleasti,en,test run on first wikt file
86,62e3ba9d1a2555d08ade838b,keke,en,test run on first wikt file
87,62e3ba9e1a2555d08ade838c,passportization,en,test run on first wikt file
88,62e3ba9f1a2555d08ade838d,grener,en,test run on first wikt file
89,62e3baa01a2555d08ade838e,lugin,en,test run on first wikt file
90,62e3baa11a2555d08ade838f,sult,en,test run on first wikt file
91,62e3baa21a2555d08ade8390,alots,en,test run on first wikt file
92,62e3baa31a2555d08ade8391,innota,en,test run on first wikt file
93,62e3baa41a2555d08ade8392,descendeth,en,test run on first wikt file
94,62e3baa51a2555d08ade8393,hofr,en,test run on first wikt file
95,62e3baa81a2555d08ade8394,Reka,en,test run on first wikt file
96,62e3baaa1a2555d08ade8395,turkce,en,test run on first wikt file
97,62e3baab1a2555d08ade8396,sxax,en,test run on first wikt file
98,62e3baac1a2555d08ade8397,Pitchford,en,test run on first wikt file
99,62e3baae1a2555d08ade8398,STEPHANVS,en,test run on first wikt file
100,62e3baaf1a2555d08ade8399,allopoiesis,en,test run on first wikt file
101,62e3bab01a2555d08ade839a,censire,en,test run on first wikt file
102,62e3bab11a2555d08ade839b,pianam,en,test run on first wikt file
103,62e3bab21a2555d08ade839c,hintuturo,en,test run on first wikt file
104,62e3bab31a2555d08ade839d,BMJ,en,test run on first wikt file
105,62e3bab41a2555d08ade839e,aInIk,en,test run on first wikt file
106,62e3bab51a2555d08ade839f,aagmry,en,test run on first wikt file
107,62e3bab61a2555d08ade83a0,mcin,en,test run on first wikt file
108,62e3bab71a2555d08ade83a1,sabiye,en,test run on first wikt file
109,62e3bab91a2555d08ade83a2,balg,en,test run on first wikt file
110,62e3baba1a2555d08ade83a3,symptomy,en,test run on first wikt file
111,62e3babb1a2555d08ade83a4,SUNL,en,test run on first wikt file
112,62e3babd1a2555d08ade83a5,bathonau,en,test run on first wikt file
113,62e3babe1a2555d08ade83a6,gratte,en,test run on first wikt file
114,62e3bac01a2555d08ade83a7,msdw,en,test run on first wikt file
115,62e3bac11a2555d08ade83a8,mouthstick,en,test run on first wikt file
116,62e3bac21a2555d08ade83a9,Patona,en,test run on first wikt file
117,62e3bac31a2555d08ade83aa,Singaporees,en,test run on first wikt file
118,62e3bac41a2555d08ade83ab,paminti,en,test run on first wikt file
119,62e3bac51a2555d08ade83ac,LittleWing,en,test run on first wikt file
120,62e3bac71a2555d08ade83ad,subitaneousness,en,test run on first wikt file
121,62e3bac81a2555d08ade83ae,TQKN,en,test run on first wikt file
122,62e3bac91a2555d08ade83af,fischus,en,test run on first wikt file
123,62e3baca1a2555d08ade83b0,eyds,en,test run on first wikt file
124,62e3bacb1a2555d08ade83b1,hydroxyde,en,test run on first wikt file
125,62e3bacc1a2555d08ade83b2,Henck,en,test run on first wikt file
126,62e3bacf1a2555d08ade83b3,mortuaire,en,test run on first wikt file
127,62e3bad01a2555d08ade83b4,DALLESANDRO,en,test run on first wikt file
128,62e3bad21a2555d08ade83b5,porpeys,en,test run on first wikt file
129,62e3bad31a2555d08ade83b6,striden,en,test run on first wikt file
130,62e3bad41a2555d08ade83b7,Zumbi,en,test run on first wikt file
131,62e3bad61a2555d08ade83b8,segudo,en,test run on first wikt file
132,62e3bad71a2555d08ade83b9,XEPI,en,test run on first wikt file
133,62e3bad81a2555d08ade83ba,swigian,en,test run on first wikt file
134,62e3bada1a2555d08ade83bb,receleas,en,test run on first wikt file
135,62e3badb1a2555d08ade83bc,Chestmir,en,test run on first wikt file
136,62e3badc1a2555d08ade83bd,escumia,en,test run on first wikt file
137,62e3badd1a2555d08ade83be,perIwINGk,en,test run on first wikt file
138,62e3bade1a2555d08ade83bf,diferentemente,en,test run on first wikt file
139,62e3bae01a2555d08ade83c0,dobberan,en,test run on first wikt file
140,62e3bae11a2555d08ade83c1,tsYZBAAAQBAJ,en,test run on first wikt file
141,62e3bae21a2555d08ade83c2,Koppa,en,test run on first wikt file
142,62e3bae31a2555d08ade83c3,ratapolkky,en,test run on first wikt file
143,62e3bae41a2555d08ade83c4,Yuts,en,test run on first wikt file
144,62e3bae81a2555d08ade83c5,metanal,en,test run on first wikt file
145,62e3bae91a2555d08ade83c6,leyv,en,test run on first wikt file
146,62e3baea1a2555d08ade83c7,programat,en,test run on first wikt file
147,62e3baeb1a2555d08ade83c8,dZIri,en,test run on first wikt file
148,62e3baec1a2555d08ade83c9,positivo,en,test run on first wikt file
149,62e3baed1a2555d08ade83ca,CFBU,en,test run on first wikt file
150,62e3baee1a2555d08ade83cb,benzoline,en,test run on first wikt file
151,62e3baf01a2555d08ade83cc,binale,en,test run on first wikt file
152,62e3baf11a2555d08ade83cd,ponyless,en,test run on first wikt file
153,62e3baf21a2555d08ade83ce,DYBK,en,test run on first wikt file
154,62e3baf31a2555d08ade83cf,vnequally,en,test run on first wikt file
155,62e3baf41a2555d08ade83d0,varesino,en,test run on first wikt file
156,62e3baf51a2555d08ade83d1,herealong,en,test run on first wikt file
157,62e3baf61a2555d08ade83d2,asistan,en,test run on first wikt file
158,62e3baf71a2555d08ade83d3,peIst,en,test run on first wikt file
159,62e3baf91a2555d08ade83d4,nen,en,test run on first wikt file
160,62e3bafa1a2555d08ade83d5,burkinier,en,test run on first wikt file
161,62e3bafb1a2555d08ade83d6,psychogender,en,test run on first wikt file
162,62e3bafc1a2555d08ade83d7,breowan,en,test run on first wikt file
163,62e3bafd1a2555d08ade83d8,sfoot,en,test run on first wikt file
164,62e3baff1a2555d08ade83d9,scremet,en,test run on first wikt file
165,62e3bb001a2555d08ade83da,yuliyo,en,test run on first wikt file
166,62e3bb011a2555d08ade83db,Ambrosiall,en,test run on first wikt file
167,62e3bb041a2555d08ade83dc,ecophenotype,en,test run on first wikt file
168,62e3bb051a2555d08ade83dd,acustomed,en,test run on first wikt file
169,62e3bb071a2555d08ade83de,wetsontduiking,en,test run on first wikt file
170,62e3bb081a2555d08ade83df,plustecken,en,test run on first wikt file
171,62e3bb0b1a2555d08ade83e0,fierbe,en,test run on first wikt file
172,62e3bb0e1a2555d08ade83e1,kibri,en,test run on first wikt file
173,62e3bb101a2555d08ade83e2,TWW,en,test run on first wikt file
174,62e3bb121a2555d08ade83e3,kopitar,en,test run on first wikt file
175,62e3bb131a2555d08ade83e4,jiazi,en,test run on first wikt file
176,62e3bb141a2555d08ade83e5,hanan,en,test run on first wikt file
177,62e3bb151a2555d08ade83e6,tummelberry,en,test run on first wikt file
178,62e3bb161a2555d08ade83e7,Sanussi,en,test run on first wikt file
179,62e3bb171a2555d08ade83e8,progenitura,en,test run on first wikt file
180,62e3bb191a2555d08ade83e9,pyroklastinen,en,test run on first wikt file
181,62e3bb1a1a2555d08ade83ea,azhiih,en,test run on first wikt file
182,62e3bb1d1a2555d08ade83eb,dagin,en,test run on first wikt file
183,62e3bb1e1a2555d08ade83ec,Allisha,en,test run on first wikt file
184,62e3bb1f1a2555d08ade83ed,hagemark,en,test run on first wikt file
185,62e3bb211a2555d08ade83ee,histrionical,en,test run on first wikt file
186,62e3bb231a2555d08ade83ef,aitrigh,en,test run on first wikt file
187,62e3bb251a2555d08ade83f0,ministre,en,test run on first wikt file
188,62e3bb261a2555d08ade83f1,flykting,en,test run on first wikt file
189,62e3bb271a2555d08ade83f2,fyg,en,test run on first wikt file
190,62e3bb281a2555d08ade83f3,FDHA,en,test run on first wikt file
191,62e3bb291a2555d08ade83f4,metaconstitution,en,test run on first wikt file
192,62e3bb2a1a2555d08ade83f5,Scartata,en,test run on first wikt file
193,62e3bb2b1a2555d08ade83f6,tiragoma,en,test run on first wikt file
194,62e3bb2c1a2555d08ade83f7,BMMF,en,test run on first wikt file
195,62e3bb2d1a2555d08ade83f8,sinit,en,test run on first wikt file
196,62e3bb301a2555d08ade83f9,thryscan,en,test run on first wikt file
197,62e3bb311a2555d08ade83fa,rosadu,en,test run on first wikt file
198,62e3bb321a2555d08ade83fb,clocktower,en,test run on first wikt file
199,62e3bb331a2555d08ade83fc,staphylococcemie,en,test run on first wikt file
200,62e3bb351a2555d08ade83fd,sqwi,en,test run on first wikt file
201,62e3bb361a2555d08ade83fe,noarch,en,test run on first wikt file
202,62e3bb371a2555d08ade83ff,tisserand,en,test run on first wikt file
203,62e3bb391a2555d08ade8400,warrn,en,test run on first wikt file
204,62e3bb3a1a2555d08ade8401,tSheIn,en,test run on first wikt file
205,62e3bb3b1a2555d08ade8402,Sprachverein,en,test run on first wikt file
206,62e3bb3c1a2555d08ade8403,Dunst,en,test run on first wikt file
207,62e3bb3d1a2555d08ade8404,gunpowdery,en,test run on first wikt file
208,62e3bb3e1a2555d08ade8405,IStj,en,test run on first wikt file
209,62e3bb3f1a2555d08ade8406,Clarisse,en,test run on first wikt file
210,62e3bb401a2555d08ade8407,representativo,en,test run on first wikt file
211,62e3bb421a2555d08ade8408,evergreene,en,test run on first wikt file
212,62e3bb441a2555d08ade8409,Belgi,en,test run on first wikt file
213,62e3bb451a2555d08ade840a,smokofisi,en,test run on first wikt file
214,62e3bb471a2555d08ade840b,aansporen,en,test run on first wikt file
215,62e3bb481a2555d08ade840c,klawos,en,test run on first wikt file
216,62e3bb491a2555d08ade840d,Misrim,en,test run on first wikt file
217,62e3bb4a1a2555d08ade840e,Tliicho,en,test run on first wikt file
218,62e3bb4b1a2555d08ade840f,raeid,en,test run on first wikt file
219,62e3bb4c1a2555d08ade8410,dgii,en,test run on first wikt file
220,62e3bb501a2555d08ade8411,sIdIfI,en,test run on first wikt file
221,62e3bb511a2555d08ade8412,raof,en,test run on first wikt file
222,62e3bb531a2555d08ade8413,CIXQ,en,test run on first wikt file
223,62e3bb541a2555d08ade8414,XRRIK,en,test run on first wikt file
224,62e3bb571a2555d08ade8415,Yucra,en,test run on first wikt file
225,62e3bb591a2555d08ade8416,informar,en,test run on first wikt file
226,62e3bb5c1a2555d08ade8417,perimembrane,en,test run on first wikt file
227,62e3bb5d1a2555d08ade8418,Wasserskorpion,en,test run on first wikt file
228,62e3bb5f1a2555d08ade8419,rupe,en,test run on first wikt file
229,62e3bb601a2555d08ade841a,qundao,en,test run on first wikt file
230,62e3bb611a2555d08ade841b,frutas,en,test run on first wikt file
231,62e3bb621a2555d08ade841c,swate,en,test run on first wikt file
232,62e3bb641a2555d08ade841d,siwala,en,test run on first wikt file
233,62e3bb651a2555d08ade841e,antiquae,en,test run on first wikt file
234,62e3bb671a2555d08ade841f,badgeman,en,test run on first wikt file
235,62e3bb681a2555d08ade8420,Nalk,en,test run on first wikt file
236,62e3bb691a2555d08ade8421,feizhengshi,en,test run on first wikt file
237,62e3bb6a1a2555d08ade8422,Alamita,en,test run on first wikt file
238,62e3bb6b1a2555d08ade8423,Baikhiodze,en,test run on first wikt file
239,62e3bb6e1a2555d08ade8424,xiangqing,en,test run on first wikt file
240,62e3bb6f1a2555d08ade8425,cruzadas,en,test run on first wikt file
241,62e3bb701a2555d08ade8426,hiottuw,en,test run on first wikt file
242,62e3bb721a2555d08ade8427,rakare,en,test run on first wikt file
243,62e3bb731a2555d08ade8428,Austrelaps,en,test run on first wikt file
244,62e3bb741a2555d08ade8429,teurer,en,test run on first wikt file
245,62e3bb751a2555d08ade842a,nametnuti,en,test run on first wikt file
246,62e3bb761a2555d08ade842b,nakes,en,test run on first wikt file
247,62e3bb771a2555d08ade842c,lirk,en,test run on first wikt file
248,62e3bb781a2555d08ade842d,Momtaz,en,test run on first wikt file
249,62e3bb791a2555d08ade842e,Naser,en,test run on first wikt file
250,62e3bb7a1a2555d08ade842f,uppu,en,test run on first wikt file
251,62e3bb7b1a2555d08ade8430,krno,en,test run on first wikt file
252,62e3bb7c1a2555d08ade8431,eagers,en,test run on first wikt file
253,62e3bb7e1a2555d08ade8432,urned,en,test run on first wikt file
254,62e3bb7f1a2555d08ade8433,acquetta,en,test run on first wikt file
255,62e3bb801a2555d08ade8434,Speedbird,en,test run on first wikt file
256,62e3bb811a2555d08ade8435,daleside,en,test run on first wikt file
257,62e3bb831a2555d08ade8436,jave,en,test run on first wikt file
258,62e3bb841a2555d08ade8437,supercurious,en,test run on first wikt file
259,62e3bb861a2555d08ade8438,vacatus,en,test run on first wikt file
260,62e3bb871a2555d08ade8439,capeline,en,test run on first wikt file
261,62e3bb881a2555d08ade843a,syly,en,test run on first wikt file
262,62e3bb8a1a2555d08ade843b,sendvit,en,test run on first wikt file
263,62e3bb8c1a2555d08ade843c,reuealed,en,test run on first wikt file
264,62e3bb8e1a2555d08ade843d,Chippinge,en,test run on first wikt file
265,62e3bb8f1a2555d08ade843e,kremeeskar,en,test run on first wikt file
266,62e3bb901a2555d08ade843f,gnosi,en,test run on first wikt file
267,62e3bb911a2555d08ade8440,Republicks,en,test run on first wikt file
268,62e3bb931a2555d08ade8441,argentiner,en,test run on first wikt file
269,62e3bb941a2555d08ade8442,pronior,en,test run on first wikt file
270,62e3bb951a2555d08ade8443,askances,en,test run on first wikt file
271,62e3bb961a2555d08ade8444,Moluccaes,en,test run on first wikt file
272,62e3bb971a2555d08ade8445,Fiddel,en,test run on first wikt file
273,62e3bb981a2555d08ade8446,sparlare,en,test run on first wikt file
274,62e3bb9a1a2555d08ade8447,Russies,en,test run on first wikt file
275,62e3bb9b1a2555d08ade8448,Swa,en,test run on first wikt file
276,62e3bb9d1a2555d08ade8449,KPRA,en,test run on first wikt file
277,62e3bb9e1a2555d08ade844a,buit,en,test run on first wikt file
278,62e3bb9f1a2555d08ade844b,DESCENDENTE,en,test run on first wikt file
279,62e3bba01a2555d08ade844c,Chuckster,en,test run on first wikt file
280,62e3bba11a2555d08ade844d,saU,en,test run on first wikt file
281,62e3bba41a2555d08ade844e,neodimis,en,test run on first wikt file
282,62e3bba51a2555d08ade844f,wahdin,en,test run on first wikt file
283,62e3bba61a2555d08ade8450,Panthera,en,test run on first wikt file
284,62e3bba71a2555d08ade8451,Sepew,en,test run on first wikt file
285,62e3bba91a2555d08ade8452,XOJCR,en,test run on first wikt file
286,62e3bbaa1a2555d08ade8453,ksylofoni,en,test run on first wikt file
287,62e3bbab1a2555d08ade8454,Stirnband,en,test run on first wikt file
288,62e3bbac1a2555d08ade8455,ilci,en,test run on first wikt file
289,62e3bbae1a2555d08ade8456,sleeuw,en,test run on first wikt file
290,62e3bbb01a2555d08ade8457,spenna,en,test run on first wikt file
291,62e3bbb11a2555d08ade8458,treeify,en,test run on first wikt file
292,62e3bbb21a2555d08ade8459,Epfe,en,test run on first wikt file
293,62e3bbb31a2555d08ade845a,Hiddenstuff,en,test run on first wikt file
294,62e3bbb41a2555d08ade845b,polyzooid,en,test run on first wikt file
295,62e3bbb51a2555d08ade845c,Drolma,en,test run on first wikt file
296,62e3bbb71a2555d08ade845d,titrage,en,test run on first wikt file
297,62e3bbb81a2555d08ade845e,secssual,en,test run on first wikt file
298,62e3bbb91a2555d08ade845f,sehrim,en,test run on first wikt file
299,62e3bbbb1a2555d08ade8460,blekitnooki,en,test run on first wikt file
300,62e3bbbc1a2555d08ade8461,Fuat,en,test run on first wikt file
301,62e3bbbd1a2555d08ade8462,construit,en,test run on first wikt file
302,62e3bbbe1a2555d08ade8463,Rusi,en,test run on first wikt file
303,62e3bbbf1a2555d08ade8464,dragmes,en,test run on first wikt file
304,62e3bbc11a2555d08ade8465,vilse,en,test run on first wikt file
305,62e3bbc21a2555d08ade8466,tuulta,en,test run on first wikt file
306,62e3bbc31a2555d08ade8467,chieve,en,test run on first wikt file
307,62e3bbc61a2555d08ade8468,CUOK,en,test run on first wikt file
308,62e3bbc81a2555d08ade8469,genever,en,test run on first wikt file
309,62e3bbc91a2555d08ade846a,exekution,en,test run on first wikt file
310,62e3bbca1a2555d08ade846b,uniflora,en,test run on first wikt file
311,62e3bbcc1a2555d08ade846c,repellera,en,test run on first wikt file
312,62e3bbcd1a2555d08ade846d,Aitan,en,test run on first wikt file
313,62e3bbce1a2555d08ade846e,izotop,en,test run on first wikt file
314,62e3bbd01a2555d08ade846f,Yhz,en,test run on first wikt file
315,62e3bbd21a2555d08ade8470,photometabolism,en,test run on first wikt file
316,62e3bbd31a2555d08ade8471,klover,en,test run on first wikt file
317,62e3bbd41a2555d08ade8472,thonself,en,test run on first wikt file
318,62e3bbd51a2555d08ade8473,chacer,en,test run on first wikt file
319,62e3bbd81a2555d08ade8474,pyjamasrandig,en,test run on first wikt file
320,62e3bbd91a2555d08ade8475,conspiren,en,test run on first wikt file
321,62e3bbda1a2555d08ade8476,THBH,en,test run on first wikt file
322,62e3bbdc1a2555d08ade8477,ymport,en,test run on first wikt file
323,62e3bbdd1a2555d08ade8478,vidimera,en,test run on first wikt file
324,62e3bbde1a2555d08ade8479,preferensi,en,test run on first wikt file
325,62e3bbdf1a2555d08ade847a,hoye,en,test run on first wikt file
326,62e3bbe01a2555d08ade847b,RMTMV,en,test run on first wikt file
327,62e3bbe11a2555d08ade847c,onaelan,en,test run on first wikt file
328,62e3bbe41a2555d08ade847d,CJPU,en,test run on first wikt file
329,62e3bbe61a2555d08ade847e,urgenta,en,test run on first wikt file
330,62e3bbe71a2555d08ade847f,mito,en,test run on first wikt file
331,62e3bbe91a2555d08ade8480,ceasca,en,test run on first wikt file
332,62e3bbea1a2555d08ade8481,Rondtrekkende,en,test run on first wikt file
333,62e3bbeb1a2555d08ade8482,cyberpsychology,en,test run on first wikt file
334,62e3bbee1a2555d08ade8483,contentar,en,test run on first wikt file
335,62e3bbf01a2555d08ade8484,beyhude,en,test run on first wikt file
336,62e3bbf11a2555d08ade8485,gymnasiim,en,test run on first wikt file
337,62e3bbf21a2555d08ade8486,goum,en,test run on first wikt file
338,62e3bbf31a2555d08ade8487,hebrejski,en,test run on first wikt file
339,62e3bbf41a2555d08ade8488,JRMU,en,test run on first wikt file
340,62e3bbf51a2555d08ade8489,szo,en,test run on first wikt file
341,62e3bbf61a2555d08ade848a,matrial,en,test run on first wikt file
342,62e3bbf81a2555d08ade848b,rondine,en,test run on first wikt file
343,62e3bbfa1a2555d08ade848c,remedar,en,test run on first wikt file
344,62e3bbfb1a2555d08ade848d,necessitar,en,test run on first wikt file
345,62e3bbfc1a2555d08ade848e,nuska,en,test run on first wikt file
346,62e3bbfd1a2555d08ade848f,presensparticip,en,test run on first wikt file
347,62e3bbff1a2555d08ade8490,Stratifikation,en,test run on first wikt file
348,62e3bc001a2555d08ade8491,Sprachanalyse,en,test run on first wikt file
349,62e3bc011a2555d08ade8492,iocose,en,test run on first wikt file
350,62e3bc061a2555d08ade8493,massiw,en,test run on first wikt file
351,62e3bc071a2555d08ade8494,mochung,en,test run on first wikt file
352,62e3bc081a2555d08ade8495,chaffaaka,en,test run on first wikt file
353,62e3bc091a2555d08ade8496,verticalize,en,test run on first wikt file
354,62e3bc0a1a2555d08ade8497,Inglebert,en,test run on first wikt file
355,62e3bc0b1a2555d08ade8498,Zawi,en,test run on first wikt file
356,62e3bc0d1a2555d08ade8499,jalja,en,test run on first wikt file
357,62e3bc0e1a2555d08ade849a,Gvaejana,en,test run on first wikt file
358,62e3bc111a2555d08ade849b,QKE,en,test run on first wikt file
359,62e3bc121a2555d08ade849c,katet,en,test run on first wikt file
360,62e3bc141a2555d08ade849d,CSHP,en,test run on first wikt file
361,62e3bc151a2555d08ade849e,drugim,en,test run on first wikt file
362,62e3bc191a2555d08ade849f,boasha,en,test run on first wikt file
363,62e3bc1a1a2555d08ade84a0,Temporall,en,test run on first wikt file
364,62e3bc1b1a2555d08ade84a1,shafuy,en,test run on first wikt file
365,62e3bc1c1a2555d08ade84a2,endintre,en,test run on first wikt file
366,62e3bc1d1a2555d08ade84a3,parand,en,test run on first wikt file
367,62e3bc1e1a2555d08ade84a4,pru,en,test run on first wikt file
368,62e3bc1f1a2555d08ade84a5,baId,en,test run on first wikt file
369,62e3bc211a2555d08ade84a6,HUNL,en,test run on first wikt file
370,62e3bc221a2555d08ade84a7,ayson,en,test run on first wikt file
371,62e3bc231a2555d08ade84a8,Principato,en,test run on first wikt file
372,62e3bc241a2555d08ade84a9,increaseth,en,test run on first wikt file
373,62e3bc251a2555d08ade84aa,paetSi,en,test run on first wikt file
374,62e3bc261a2555d08ade84ab,prayee,en,test run on first wikt file
375,62e3bc281a2555d08ade84ac,OYVV,en,test run on first wikt file
376,62e3bc291a2555d08ade84ad,chiuse,en,test run on first wikt file
377,62e3bc2a1a2555d08ade84ae,zahov,en,test run on first wikt file
378,62e3bc2d1a2555d08ade84af,abrel,en,test run on first wikt file
379,62e3bc2f1a2555d08ade84b0,babylift,en,test run on first wikt file
380,62e3bc301a2555d08ade84b1,eradico,en,test run on first wikt file
381,62e3bc321a2555d08ade84b2,snoreth,en,test run on first wikt file
382,62e3bc331a2555d08ade84b3,bulbifera,en,test run on first wikt file
383,62e3bc341a2555d08ade84b4,cobro,en,test run on first wikt file
384,62e3bc351a2555d08ade84b5,BILLONNIVS,en,test run on first wikt file
385,62e3bc361a2555d08ade84b6,mIlj,en,test run on first wikt file
386,62e3bc371a2555d08ade84b7,Arrian,en,test run on first wikt file
387,62e3bc391a2555d08ade84b8,lavn,en,test run on first wikt file
388,62e3bc3a1a2555d08ade84b9,dzawa,en,test run on first wikt file
389,62e3bc3b1a2555d08ade84ba,supoosed,en,test run on first wikt file
390,62e3bc3c1a2555d08ade84bb,sibianxing,en,test run on first wikt file
391,62e3bc3d1a2555d08ade84bc,ubalda,en,test run on first wikt file
392,62e3bc3f1a2555d08ade84bd,liued,en,test run on first wikt file
393,62e3bc411a2555d08ade84be,IDBBB,en,test run on first wikt file
394,62e3bc421a2555d08ade84bf,xiaotouxiaomo,en,test run on first wikt file
395,62e3bc431a2555d08ade84c0,Hawkens,en,test run on first wikt file
396,62e3bc441a2555d08ade84c1,krabbelje,en,test run on first wikt file
397,62e3bc461a2555d08ade84c2,prstan,en,test run on first wikt file
398,62e3bc471a2555d08ade84c3,larew,en,test run on first wikt file
399,62e3bc481a2555d08ade84c4,buntesten,en,test run on first wikt file
400,62e3bc4a1a2555d08ade84c5,maramica,en,test run on first wikt file
401,62e3bc4b1a2555d08ade84c6,nahv,en,test run on first wikt file
402,62e3bc4c1a2555d08ade84c7,jhi,en,test run on first wikt file
403,62e3bc4e1a2555d08ade84c8,planete,en,test run on first wikt file
404,62e3bc4f1a2555d08ade84c9,TragedyInChina,en,test run on first wikt file
405,62e3bc501a2555d08ade84ca,Continente,en,test run on first wikt file
406,62e3bc521a2555d08ade84cb,cirk,en,test run on first wikt file
407,62e3bc531a2555d08ade84cc,breaketh,en,test run on first wikt file
408,62e3bc541a2555d08ade84cd,tremila,en,test run on first wikt file
409,62e3bc551a2555d08ade84ce,wanguoma,en,test run on first wikt file
410,62e3bc561a2555d08ade84cf,tapelines,en,test run on first wikt file
411,62e3bc581a2555d08ade84d0,BDwFAAAAMAAJ,en,test run on first wikt file
412,62e3bc5a1a2555d08ade84d1,scalpless,en,test run on first wikt file
413,62e3bc5b1a2555d08ade84d2,forweorthan,en,test run on first wikt file
414,62e3bc5c1a2555d08ade84d3,barbato,en,test run on first wikt file
415,62e3bc5e1a2555d08ade84d4,guilful,en,test run on first wikt file
416,62e3bc621a2555d08ade84d5,quarantanna,en,test run on first wikt file
417,62e3bc631a2555d08ade84d6,preoccultation,en,test run on first wikt file
418,62e3bc651a2555d08ade84d7,iil,en,test run on first wikt file
419,62e3bc661a2555d08ade84d8,deadlinks,en,test run on first wikt file
420,62e3bc681a2555d08ade84d9,shige,en,test run on first wikt file
421,62e3bc691a2555d08ade84da,botorkal,en,test run on first wikt file
422,62e3bc6a1a2555d08ade84db,Isolationismus,en,test run on first wikt file
423,62e3bc6b1a2555d08ade84dc,adarzabal,en,test run on first wikt file
424,62e3bc6d1a2555d08ade84dd,koplamp,en,test run on first wikt file
425,62e3bc6e1a2555d08ade84de,kates,en,test run on first wikt file
426,62e3bc6f1a2555d08ade84df,Merriam,en,test run on first wikt file
427,62e3bc711a2555d08ade84e0,assamesiska,en,test run on first wikt file
428,62e3bc731a2555d08ade84e1,littorio,en,test run on first wikt file
429,62e3bc751a2555d08ade84e2,YRYLM,en,test run on first wikt file
430,62e3bc761a2555d08ade84e3,koston,en,test run on first wikt file
431,62e3bc781a2555d08ade84e4,Phaenomena,en,test run on first wikt file
432,62e3bc791a2555d08ade84e5,qaluboy,en,test run on first wikt file
433,62e3bc7b1a2555d08ade84e6,Cipress,en,test run on first wikt file
434,62e3bc7d1a2555d08ade84e7,DFCQ,en,test run on first wikt file
435,62e3bc7f1a2555d08ade84e8,CCEE,en,test run on first wikt file
436,62e3bc801a2555d08ade84e9,Kristan,en,test run on first wikt file
437,62e3bc811a2555d08ade84ea,rysing,en,test run on first wikt file
438,62e3bc821a2555d08ade84eb,aquatique,en,test run on first wikt file
439,62e3bc831a2555d08ade84ec,mpra,en,test run on first wikt file
440,62e3bc841a2555d08ade84ed,GYPO,en,test run on first wikt file
441,62e3bc861a2555d08ade84ee,pareciar,en,test run on first wikt file
442,62e3bc871a2555d08ade84ef,regrettee,en,test run on first wikt file
443,62e3bc881a2555d08ade84f0,PIMPOLOGY,en,test run on first wikt file
444,62e3bc8b1a2555d08ade84f1,jeat,en,test run on first wikt file
445,62e3bc8e1a2555d08ade84f2,Answerth,en,test run on first wikt file
446,62e3bc911a2555d08ade84f3,vanadiini,en,test run on first wikt file
447,62e3bc921a2555d08ade84f4,iatroepidemic,en,test run on first wikt file
448,62e3bc941a2555d08ade84f5,ourdissage,en,test run on first wikt file
449,62e3bc951a2555d08ade84f6,prolative,en,test run on first wikt file
450,62e3bc961a2555d08ade84f7,fuwusheng,en,test run on first wikt file
451,62e3bc971a2555d08ade84f8,kerstfeest,en,test run on first wikt file
452,62e3bc981a2555d08ade84f9,sanguinarius,en,test run on first wikt file
453,62e3bc9a1a2555d08ade84fa,diaodai,en,test run on first wikt file
454,62e3bc9b1a2555d08ade84fb,PFMBO,en,test run on first wikt file
455,62e3bc9c1a2555d08ade84fc,Hignett,en,test run on first wikt file
456,62e3bc9d1a2555d08ade84fd,giye,en,test run on first wikt file
457,62e3bca11a2555d08ade84fe,tsis,en,test run on first wikt file
458,62e3bca21a2555d08ade84ff,Seekuh,en,test run on first wikt file
459,62e3bca31a2555d08ade8500,fallare,en,test run on first wikt file
460,62e3bca51a2555d08ade8501,dokht,en,test run on first wikt file
461,62e3bca61a2555d08ade8502,thestranger,en,test run on first wikt file
462,62e3bca71a2555d08ade8503,Kyne,en,test run on first wikt file
463,62e3bca81a2555d08ade8504,orceard,en,test run on first wikt file
464,62e3bca91a2555d08ade8505,linken,en,test run on first wikt file
465,62e3bcaa1a2555d08ade8506,TJSK,en,test run on first wikt file
466,62e3bcab1a2555d08ade8507,Kelakefu,en,test run on first wikt file
467,62e3bcac1a2555d08ade8508,Alona,en,test run on first wikt file
468,62e3bcad1a2555d08ade8509,niduy,en,test run on first wikt file
469,62e3bcae1a2555d08ade850a,anticoal,en,test run on first wikt file
470,62e3bcaf1a2555d08ade850b,zagovor,en,test run on first wikt file
471,62e3bcb01a2555d08ade850c,horav,en,test run on first wikt file
472,62e3bcb11a2555d08ade850d,confisquer,en,test run on first wikt file
473,62e3bcb31a2555d08ade850e,dabian,en,test run on first wikt file
474,62e3bcb41a2555d08ade850f,proslava,en,test run on first wikt file
475,62e3bcb51a2555d08ade8510,meata,en,test run on first wikt file
476,62e3bcb61a2555d08ade8511,Gvyen,en,test run on first wikt file
477,62e3bcb71a2555d08ade8512,polvi,en,test run on first wikt file
478,62e3bcb81a2555d08ade8513,yewai,en,test run on first wikt file
479,62e3bcb91a2555d08ade8514,LanguageHat,en,test run on first wikt file
480,62e3bcba1a2555d08ade8515,paggina,en,test run on first wikt file
481,62e3bcbb1a2555d08ade8516,ecogeographical,en,test run on first wikt file
482,62e3bcbc1a2555d08ade8517,Albaredo,en,test run on first wikt file
483,62e3bcbd1a2555d08ade8518,yunjiao,en,test run on first wikt file
484,62e3bcbe1a2555d08ade8519,permanente,en,test run on first wikt file
485,62e3bcbf1a2555d08ade851a,spinoches,en,test run on first wikt file
486,62e3bcc01a2555d08ade851b,muyo,en,test run on first wikt file
487,62e3bcc31a2555d08ade851c,Hurks,en,test run on first wikt file
488,62e3bcc51a2555d08ade851d,brandend,en,test run on first wikt file
489,62e3bcc61a2555d08ade851e,Baozhai,en,test run on first wikt file
490,62e3bcc81a2555d08ade851f,pneumatico,en,test run on first wikt file
491,62e3bcc91a2555d08ade8520,maez,en,test run on first wikt file
492,62e3bcca1a2555d08ade8521,masalar,en,test run on first wikt file
493,62e3bccb1a2555d08ade8522,yokie,en,test run on first wikt file
494,62e3bccc1a2555d08ade8523,shipuy,en,test run on first wikt file
495,62e3bccd1a2555d08ade8524,descriptionism,en,test run on first wikt file
496,62e3bccf1a2555d08ade8525,looszver,en,test run on first wikt file
497,62e3bcd01a2555d08ade8526,muniuren,en,test run on first wikt file
498,62e3bcd11a2555d08ade8527,Michalis,en,test run on first wikt file
499,62e3bcd41a2555d08ade8528,hunp,en,test run on first wikt file
500,62e3bcd51a2555d08ade8529,bloodaard,en,test run on first wikt file
501,62e3bcd71a2555d08ade852a,prostitan,en,test run on first wikt file
502,62e3bcd91a2555d08ade852b,antreprenor,en,test run on first wikt file
503,62e3bcda1a2555d08ade852c,Boffey,en,test run on first wikt file
504,62e3bcdd1a2555d08ade852d,acquaragia,en,test run on first wikt file
505,62e3bcdf1a2555d08ade852e,bairnish,en,test run on first wikt file
506,62e3bce01a2555d08ade852f,nhkworld,en,test run on first wikt file
507,62e3bce11a2555d08ade8530,multitrans,en,test run on first wikt file
508,62e3bce21a2555d08ade8531,leelis,en,test run on first wikt file
509,62e3bce31a2555d08ade8532,prichindel,en,test run on first wikt file
510,62e3bce51a2555d08ade8533,demonomania,en,test run on first wikt file
511,62e3bce61a2555d08ade8534,prusor,en,test run on first wikt file
512,62e3bce71a2555d08ade8535,Capitaine,en,test run on first wikt file
513,62e3bce81a2555d08ade8536,Vntruthes,en,test run on first wikt file
514,62e3bce91a2555d08ade8537,olmage,en,test run on first wikt file
515,62e3bcea1a2555d08ade8538,abclno,en,test run on first wikt file
516,62e3bceb1a2555d08ade8539,hottentote,en,test run on first wikt file
517,62e3bced1a2555d08ade853a,ngm,en,test run on first wikt file
518,62e3bcee1a2555d08ade853b,matern,en,test run on first wikt file
519,62e3bcf01a2555d08ade853c,ivezti,en,test run on first wikt file
520,62e3bcf11a2555d08ade853d,athammam,en,test run on first wikt file
521,62e3bcf21a2555d08ade853e,jamal,en,test run on first wikt file
522,62e3bcf31a2555d08ade853f,Halsteinn,en,test run on first wikt file
523,62e3bcf41a2555d08ade8540,developman,en,test run on first wikt file
524,62e3bcf51a2555d08ade8541,dailyiowegian,en,test run on first wikt file
525,62e3bcf61a2555d08ade8542,yanghui,en,test run on first wikt file
526,62e3bcf71a2555d08ade8543,salettes,en,test run on first wikt file
527,62e3bcf81a2555d08ade8544,leysure,en,test run on first wikt file
528,62e3bcf91a2555d08ade8545,matrixje,en,test run on first wikt file
529,62e3bcfa1a2555d08ade8546,foliaceus,en,test run on first wikt file
530,62e3bcfb1a2555d08ade8547,fragmentaire,en,test run on first wikt file
531,62e3bcfd1a2555d08ade8548,acanta,en,test run on first wikt file
532,62e3bcfe1a2555d08ade8549,coleo,en,test run on first wikt file
533,62e3bcff1a2555d08ade854a,consanguineo,en,test run on first wikt file
534,62e3bd001a2555d08ade854b,torontu,en,test run on first wikt file
535,62e3bd021a2555d08ade854c,betws,en,test run on first wikt file
536,62e3bd031a2555d08ade854d,elsewhat,en,test run on first wikt file
537,62e3bd051a2555d08ade854e,legermanoeuvre,en,test run on first wikt file
538,62e3bd061a2555d08ade854f,Oame,en,test run on first wikt file
539,62e3bd071a2555d08ade8550,Christeen,en,test run on first wikt file
540,62e3bd081a2555d08ade8551,Ju,en,test run on first wikt file
541,62e3bd0a1a2555d08ade8552,Estachio,en,test run on first wikt file
542,62e3bd0b1a2555d08ade8553,BRANA,en,test run on first wikt file
543,62e3bd0c1a2555d08ade8554,daker,en,test run on first wikt file
544,62e3bd0d1a2555d08ade8555,geolog,en,test run on first wikt file
545,62e3bd0e1a2555d08ade8556,agresivu,en,test run on first wikt file
546,62e3bd0f1a2555d08ade8557,miji,en,test run on first wikt file
547,62e3bd111a2555d08ade8558,conjugator,en,test run on first wikt file
548,62e3bd121a2555d08ade8559,celibating,en,test run on first wikt file
549,62e3bd131a2555d08ade855a,harbi,en,test run on first wikt file
550,62e3bd141a2555d08ade855b,pluc,en,test run on first wikt file
551,62e3bd151a2555d08ade855c,remen,en,test run on first wikt file
552,62e3bd161a2555d08ade855d,eIb,en,test run on first wikt file
553,62e3bd171a2555d08ade855e,Talar,en,test run on first wikt file
554,62e3bd181a2555d08ade855f,transgenderal,en,test run on first wikt file
555,62e3bd1e1a2555d08ade8560,robat,en,test run on first wikt file
556,62e3bd1f1a2555d08ade8561,aachinrst,en,test run on first wikt file
557,62e3bd201a2555d08ade8562,enteha,en,test run on first wikt file
558,62e3bd221a2555d08ade8563,skakta,en,test run on first wikt file
559,62e3bd241a2555d08ade8564,intrarenal,en,test run on first wikt file
560,62e3bd251a2555d08ade8565,odaz,en,test run on first wikt file
561,62e3bd261a2555d08ade8566,aerosolise,en,test run on first wikt file
562,62e3bd271a2555d08ade8567,foxie,en,test run on first wikt file
563,62e3bd281a2555d08ade8568,baU,en,test run on first wikt file
564,62e3bd2a1a2555d08ade8569,etIk,en,test run on first wikt file
565,62e3bd2c1a2555d08ade856a,blonik,en,test run on first wikt file
566,62e3bd2d1a2555d08ade856b,waizufu,en,test run on first wikt file
567,62e3bd2e1a2555d08ade856c,wepna,en,test run on first wikt file
568,62e3bd2f1a2555d08ade856d,anderdog,en,test run on first wikt file
569,62e3bd301a2555d08ade856e,ZoUz,en,test run on first wikt file
570,62e3bd321a2555d08ade856f,recke,en,test run on first wikt file
571,62e3bd331a2555d08ade8570,guffin,en,test run on first wikt file
572,62e3bd341a2555d08ade8571,awer,en,test run on first wikt file
573,62e3bd351a2555d08ade8572,ntch,en,test run on first wikt file
574,62e3bd361a2555d08ade8573,draguns,en,test run on first wikt file
575,62e3bd381a2555d08ade8574,jiandai,en,test run on first wikt file
576,62e3bd391a2555d08ade8575,sihsh,en,test run on first wikt file
577,62e3bd3a1a2555d08ade8576,Terin,en,test run on first wikt file
578,62e3bd3b1a2555d08ade8577,Clora,en,test run on first wikt file
579,62e3bd3c1a2555d08ade8578,mentrestant,en,test run on first wikt file
580,62e3bd3f1a2555d08ade8579,sessor,en,test run on first wikt file
581,62e3bd401a2555d08ade857a,animang,en,test run on first wikt file
582,62e3bd411a2555d08ade857b,suki,en,test run on first wikt file
583,62e3bd421a2555d08ade857c,namanjinikan,en,test run on first wikt file
584,62e3bd441a2555d08ade857d,JPY,en,test run on first wikt file
585,62e3bd471a2555d08ade857e,Maner,en,test run on first wikt file
586,62e3bd481a2555d08ade857f,registreren,en,test run on first wikt file
587,62e3bd4a1a2555d08ade8580,TWKS,en,test run on first wikt file
588,62e3bd4b1a2555d08ade8581,Zogby,en,test run on first wikt file
589,62e3bd4c1a2555d08ade8582,pustola,en,test run on first wikt file
590,62e3bd4e1a2555d08ade8583,promenkano,en,test run on first wikt file
591,62e3bd501a2555d08ade8584,limitare,en,test run on first wikt file
592,62e3bd511a2555d08ade8585,Veso,en,test run on first wikt file
593,62e3bd521a2555d08ade8586,Mondor,en,test run on first wikt file
594,62e3bd531a2555d08ade8587,alcoholemia,en,test run on first wikt file
595,62e3bd541a2555d08ade8588,Oceanias,en,test run on first wikt file
596,62e3bd561a2555d08ade8589,Rabbe,en,test run on first wikt file
597,62e3bd571a2555d08ade858a,snotting,en,test run on first wikt file
598,62e3bd581a2555d08ade858b,CMHM,en,test run on first wikt file
599,62e3bd5c1a2555d08ade858c,annexable,en,test run on first wikt file
600,62e3bd5f1a2555d08ade858d,chargrill,en,test run on first wikt file
601,62e3bd601a2555d08ade858e,faIaet,en,test run on first wikt file
602,62e3bd621a2555d08ade858f,Edinburq,en,test run on first wikt file
603,62e3bd631a2555d08ade8590,Goodfriend,en,test run on first wikt file
604,62e3bd641a2555d08ade8591,Proficience,en,test run on first wikt file
605,62e3bd651a2555d08ade8592,PFBF,en,test run on first wikt file
606,62e3bd661a2555d08ade8593,Yunita,en,test run on first wikt file
607,62e3bd671a2555d08ade8594,aerosolom,en,test run on first wikt file
608,62e3bd681a2555d08ade8595,Saras,en,test run on first wikt file
609,62e3bd691a2555d08ade8596,jiyuan,en,test run on first wikt file
610,62e3bd6b1a2555d08ade8597,Antartida,en,test run on first wikt file
611,62e3bd6c1a2555d08ade8598,umhal,en,test run on first wikt file
612,62e3bd6d1a2555d08ade8599,clientish,en,test run on first wikt file
613,62e3bd6e1a2555d08ade859a,matallergi,en,test run on first wikt file
614,62e3bd711a2555d08ade859b,CYPP,en,test run on first wikt file
615,62e3bd721a2555d08ade859c,houwe,en,test run on first wikt file
616,62e3bd731a2555d08ade859d,follement,en,test run on first wikt file
617,62e3bd751a2555d08ade859e,Hollandrad,en,test run on first wikt file
618,62e3bd761a2555d08ade859f,dispretuibil,en,test run on first wikt file
619,62e3bd771a2555d08ade85a0,loystos,en,test run on first wikt file
620,62e3bd7a1a2555d08ade85a1,jiandanbing,en,test run on first wikt file
621,62e3bd7b1a2555d08ade85a2,novament,en,test run on first wikt file
622,62e3bd7c1a2555d08ade85a3,occultisme,en,test run on first wikt file
623,62e3bd7d1a2555d08ade85a4,campmate,en,test run on first wikt file
624,62e3bd7e1a2555d08ade85a5,ekskursioon,en,test run on first wikt file
625,62e3bd811a2555d08ade85a6,Inferiour,en,test run on first wikt file
626,62e3bd831a2555d08ade85a7,sralan,en,test run on first wikt file
627,62e3bd851a2555d08ade85a8,h1elkis,en,test run on first wikt file
628,62e3bd861a2555d08ade85a9,panter,en,test run on first wikt file
629,62e3bd871a2555d08ade85aa,juichi,en,test run on first wikt file
630,62e3bd881a2555d08ade85ab,ciatu,en,test run on first wikt file
631,62e3bd891a2555d08ade85ac,aclt,en,test run on first wikt file
632,62e3bd8a1a2555d08ade85ad,buccocervical,en,test run on first wikt file
633,62e3bd8b1a2555d08ade85ae,vindspel,en,test run on first wikt file
634,62e3bd8d1a2555d08ade85af,naIsIs,en,test run on first wikt file
635,62e3bd8e1a2555d08ade85b0,DLLP,en,test run on first wikt file
636,62e3bd8f1a2555d08ade85b1,niantu,en,test run on first wikt file
637,62e3bd911a2555d08ade85b2,kouhao,en,test run on first wikt file
638,62e3bd921a2555d08ade85b3,skraha,en,test run on first wikt file
639,62e3bd931a2555d08ade85b4,nanyuanbeizhe,en,test run on first wikt file
640,62e3bd941a2555d08ade85b5,disprobative,en,test run on first wikt file
641,62e3bd961a2555d08ade85b6,manno,en,test run on first wikt file
642,62e3bd971a2555d08ade85b7,indulgencier,en,test run on first wikt file
643,62e3bd991a2555d08ade85b8,Damatius,en,test run on first wikt file
644,62e3bd9a1a2555d08ade85b9,weren,en,test run on first wikt file
645,62e3bd9b1a2555d08ade85ba,Karashima,en,test run on first wikt file
646,62e3bd9e1a2555d08ade85bb,olag,en,test run on first wikt file
647,62e3bd9f1a2555d08ade85bc,tevarie,en,test run on first wikt file
648,62e3bda21a2555d08ade85bd,Antiguali,en,test run on first wikt file
649,62e3bda41a2555d08ade85be,Breemen,en,test run on first wikt file
650,62e3bda51a2555d08ade85bf,cepoc,en,test run on first wikt file
651,62e3bda61a2555d08ade85c0,abado,en,test run on first wikt file
652,62e3bda81a2555d08ade85c1,kupina,en,test run on first wikt file
653,62e3bda91a2555d08ade85c2,mecontent,en,test run on first wikt file
654,62e3bdab1a2555d08ade85c3,verificar,en,test run on first wikt file
655,62e3bdad1a2555d08ade85c4,guacharaca,en,test run on first wikt file
656,62e3bdae1a2555d08ade85c5,diall,en,test run on first wikt file
657,62e3bdaf1a2555d08ade85c6,hydrolog,en,test run on first wikt file
658,62e3bdb11a2555d08ade85c7,undaed,en,test run on first wikt file
659,62e3bdb61a2555d08ade85c8,shemitically,en,test run on first wikt file
660,62e3bdb71a2555d08ade85c9,touchent,en,test run on first wikt file
661,62e3bdb91a2555d08ade85ca,TBNH,en,test run on first wikt file
662,62e3bdbb1a2555d08ade85cb,FBRW,en,test run on first wikt file
663,62e3bdbd1a2555d08ade85cc,McTiernan,en,test run on first wikt file
664,62e3bdbe1a2555d08ade85cd,hlodny,en,test run on first wikt file
665,62e3bdbf1a2555d08ade85ce,namsa,en,test run on first wikt file
666,62e3bdc01a2555d08ade85cf,Brochard,en,test run on first wikt file
667,62e3bdc11a2555d08ade85d0,Suk,en,test run on first wikt file
668,62e3bdc21a2555d08ade85d1,Schelven,en,test run on first wikt file
669,62e3bdc31a2555d08ade85d2,polybiography,en,test run on first wikt file
670,62e3bdc41a2555d08ade85d3,refuta,en,test run on first wikt file
671,62e3bdc51a2555d08ade85d4,queux,en,test run on first wikt file
672,62e3bdc61a2555d08ade85d5,WPIM,en,test run on first wikt file
673,62e3bdc71a2555d08ade85d6,Doulos,en,test run on first wikt file
674,62e3bdc81a2555d08ade85d7,finir,en,test run on first wikt file
675,62e3bdc91a2555d08ade85d8,luci,en,test run on first wikt file
676,62e3bdca1a2555d08ade85d9,XDNAU,en,test run on first wikt file
677,62e3bdcd1a2555d08ade85da,niminen,en,test run on first wikt file
678,62e3bdce1a2555d08ade85db,baUnd,en,test run on first wikt file
679,62e3bdcf1a2555d08ade85dc,LZVBAAAAcAAJ,en,test run on first wikt file
680,62e3bdd01a2555d08ade85dd,akIk,en,test run on first wikt file
681,62e3bdd11a2555d08ade85de,maIkr,en,test run on first wikt file
682,62e3bdd31a2555d08ade85df,Eveawo,en,test run on first wikt file
683,62e3bdd41a2555d08ade85e0,Franzen,en,test run on first wikt file
684,62e3bdd61a2555d08ade85e1,kained,en,test run on first wikt file
685,62e3bdd71a2555d08ade85e2,Patullo,en,test run on first wikt file
686,62e3bdd91a2555d08ade85e3,civilima,en,test run on first wikt file
687,62e3bdda1a2555d08ade85e4,konvencionalismus,en,test run on first wikt file
688,62e3bddb1a2555d08ade85e5,sunpo,en,test run on first wikt file
689,62e3bddd1a2555d08ade85e6,podge,en,test run on first wikt file
690,62e3bdde1a2555d08ade85e7,Phatmetic,en,test run on first wikt file
691,62e3bddf1a2555d08ade85e8,Tuola,en,test run on first wikt file
692,62e3bde11a2555d08ade85e9,OIOP,en,test run on first wikt file
693,62e3bde31a2555d08ade85ea,elementide,en,test run on first wikt file
694,62e3bde41a2555d08ade85eb,commensured,en,test run on first wikt file
695,62e3bde51a2555d08ade85ec,briytt,en,test run on first wikt file
696,62e3bde61a2555d08ade85ed,naturalmente,en,test run on first wikt file
697,62e3bde91a2555d08ade85ee,OPWJR,en,test run on first wikt file
698,62e3bdea1a2555d08ade85ef,furati,en,test run on first wikt file
699,62e3bdeb1a2555d08ade85f0,streIS,en,test run on first wikt file
700,62e3bdf11a2555d08ade85f1,Philol,en,test run on first wikt file
701,62e3bdf21a2555d08ade85f2,Orfirah,en,test run on first wikt file
702,62e3bdf31a2555d08ade85f3,rabek,en,test run on first wikt file
703,62e3bdf41a2555d08ade85f4,DNRI,en,test run on first wikt file
704,62e3bdf61a2555d08ade85f5,Armandine,en,test run on first wikt file
705,62e3bdf71a2555d08ade85f6,anjie,en,test run on first wikt file
706,62e3bdf91a2555d08ade85f7,doble,en,test run on first wikt file
707,62e3bdfb1a2555d08ade85f8,lupul,en,test run on first wikt file
708,62e3bdfd1a2555d08ade85f9,ariste,en,test run on first wikt file
709,62e3bdfe1a2555d08ade85fa,mortaretto,en,test run on first wikt file
710,62e3bdff1a2555d08ade85fb,twistata,en,test run on first wikt file
711,62e3be011a2555d08ade85fc,basino,en,test run on first wikt file
712,62e3be041a2555d08ade85fd,tuupur,en,test run on first wikt file
713,62e3be061a2555d08ade85fe,weyh1nom,en,test run on first wikt file
714,62e3be071a2555d08ade85ff,SNLR,en,test run on first wikt file
715,62e3be0b1a2555d08ade8600,moonshiney,en,test run on first wikt file
716,62e3be0d1a2555d08ade8601,intercitytrein,en,test run on first wikt file
717,62e3be0e1a2555d08ade8602,sanba,en,test run on first wikt file
718,62e3be0f1a2555d08ade8603,pergo,en,test run on first wikt file
719,62e3be111a2555d08ade8604,excentration,en,test run on first wikt file
720,62e3be121a2555d08ade8605,transportage,en,test run on first wikt file
721,62e3be151a2555d08ade8606,girlgeniusonline,en,test run on first wikt file
722,62e3be161a2555d08ade8607,avertiments,en,test run on first wikt file
723,62e3be171a2555d08ade8608,aphidicide,en,test run on first wikt file
724,62e3be181a2555d08ade8609,verruciform,en,test run on first wikt file
725,62e3be191a2555d08ade860a,Zelizer,en,test run on first wikt file
726,62e3be1b1a2555d08ade860b,hejrat,en,test run on first wikt file
727,62e3be1e1a2555d08ade860c,xingli,en,test run on first wikt file
728,62e3be251a2555d08ade860d,wret,en,test run on first wikt file
729,62e3be261a2555d08ade860e,OIP,en,test run on first wikt file
730,62e3be2a1a2555d08ade860f,kare,en,test run on first wikt file
731,62e3be2b1a2555d08ade8610,escam,en,test run on first wikt file
732,62e3be2c1a2555d08ade8611,Stationsarztin,en,test run on first wikt file
733,62e3be2d1a2555d08ade8612,Drozdz,en,test run on first wikt file
734,62e3be2e1a2555d08ade8613,cupido,en,test run on first wikt file
735,62e3be2f1a2555d08ade8614,jinli,en,test run on first wikt file
736,62e3be301a2555d08ade8615,Rainieri,en,test run on first wikt file
737,62e3be311a2555d08ade8616,worryings,en,test run on first wikt file
738,62e3be321a2555d08ade8617,slatback,en,test run on first wikt file
739,62e3be341a2555d08ade8618,Pisier,en,test run on first wikt file
740,62e3be371a2555d08ade8619,floorspace,en,test run on first wikt file
741,62e3be381a2555d08ade861a,Paresuchina,en,test run on first wikt file
742,62e3be391a2555d08ade861b,JCMMS,en,test run on first wikt file
743,62e3be3a1a2555d08ade861c,lnot,en,test run on first wikt file
744,62e3be401a2555d08ade861d,ciong,en,test run on first wikt file
745,62e3be411a2555d08ade861e,ospita,en,test run on first wikt file
746,62e3be421a2555d08ade861f,BFDB,en,test run on first wikt file
747,62e3be431a2555d08ade8620,masonisto,en,test run on first wikt file
748,62e3be441a2555d08ade8621,jiaming,en,test run on first wikt file
749,62e3be461a2555d08ade8622,YRSME,en,test run on first wikt file
750,62e3be471a2555d08ade8623,SpaI,en,test run on first wikt file
751,62e3be481a2555d08ade8624,methanelike,en,test run on first wikt file
752,62e3be491a2555d08ade8625,Leprince,en,test run on first wikt file
